meter model;diameter;correct name
 ВК-Х/40;40;Meter (Russian/Chineese) VK-H (MJ B)
 ВСКМ 90-40 X;40;Decast (Russian/Chineese) VSKM90 (MJ B)
 МК-V-15;15;Mincor (Russian) MK-U (SJ B)
 СВКМ-25Г;25;Norma (Russian) (SJ B)
15 У-110;15;Pulsar (Russian) Puls (SJ B)
15у-110;15;Pulsar (Russian) Puls (SJ B)
50 ХД;50;Spectechpribor (Russian) VDT (Woltmann B)
ARZ-15;15;Arzamas (Russian) (SJ B)
ARZAMAS 15;15;Arzamas (Russian) (SJ B)
ARZAMAS 15-3-2;15;Arzamas (Russian) (SJ B)
ARZAMAS15-3-2;15;Arzamas (Russian) (SJ B)
ARZAMAS-15-3-2;15;Arzamas (Russian) (SJ B)
CB-15;15;Meter (Russian/Chineese) SVU (SJ B)
CDE-15;15;Meter (Russian/Chineese) SVU (SJ B)
CDВКМ-15У;15;Norma (Russian) (SJ B)
CВ-15;15;Norma (Russian) (SJ B)
CВК-15-3;15;Norma (Russian) (SJ B)
CВК-25;25;Norma (Russian) (SJ B)
CВКМ-15;15;Norma (Russian) (SJ B)
CВКМ-159;15;Norma (Russian) (SJ B)
CВКМ-25Х;25;Norma (Russian) (SJ B)
CВКМ-40Г;40;Norma (Russian) (SJ B)
CВУ-15;15;Meter (Russian/Chineese) SVU (SJ B)
CКУ-15;15;Meter (Russian/Chineese) SVU (SJ B)
CХВ-15;15;Betar (Russian) SHV (SJ B)
DN 15;15;Betar (Russian) SHV (SJ B)
ETK-N-20;20;Zenner ETK (SJ B)
GMDX40;40;B Meters. GMDX (MJ B)
GSD, КВх-15;15;B Meters. GSD-5 (SJ B)
METER 15;15;Meter (Russian/Chineese) (SJ B)
METER-15;15;Meter (Russian/Chineese) (SJ B)
MINCOR-15;15;Mincor (Russian) MK-U (SJ B)
MINKOR 15;15;Mincor (Russian) MK-U (SJ B)
MINKOR MK-U;15;Mincor (Russian) MK-U (SJ B)
MINKOR MK-U 15;15;Mincor (Russian) MK-U (SJ B)
MINKOR MK-U15;15;Mincor (Russian) MK-U (SJ B)
Minkor-15;15;Mincor (Russian) MK-U (SJ B)
MINKOR-15V;15;Mincor (Russian) MK-U (SJ B)
minol-15;15;MINOL Minomess
Minomess M 40;40;MINOL Minomess
MK-U 15;15;Mincor (Russian) MK-U (SJ B)
mku15;15;Mincor (Russian) MK-U (SJ B)
MKU-15;15;Mincor (Russian) MK-U (SJ B)
MK-U15;15;Mincor (Russian) MK-U (SJ B)
MK-U-15;15;Mincor (Russian) MK-U (SJ B)
MKU-U-15;15;Mincor (Russian) MK-U (SJ B)
MT50/25;25;SENSUS MT50 QN-T
MT50/32;32;SENSUS MT50 QN-T
MT-50/32;32;SENSUS MT50 QN-T
MT50/40;40;SENSUS MT50 QN-T
MT50QN25;25;SENSUS MT50 QN-T
MT50QN32;32;SENSUS MT50 QN-T
MT50QN40;40;SENSUS MT50 QN-T
MT50QN-40;40;SENSUS MT50 QN-T
MT-50QN40;40;SENSUS MT50 QN-T
MTR QN32;32;ELSTER MTR (MJ B)
MTR-40;40;ELSTER MTR (MJ B)
Multikal 603;;Kamstrup Multical 603 (Ultrasonic)
OXТА ГЛ-15;15;TAIPIT (Russian/Chineese) OHTA (SJ B)
SPX-40;40;SENSUS SPX
VALTEC -15;15;Valtec (Russian/Chineese) VLF-R (SJ B)
VALTEC VLF-R-15;15;Valtec (Russian/Chineese) VLF-R (SJ B)
Valtec15;15;Valtec (Russian/Chineese) VLF-R (SJ B)
VALTEC-15;15;Valtec (Russian/Chineese) VLF-R (SJ B)
VALTEC-20;20;Valtec (Russian/Chineese) VLF-R (SJ B)
valtek-15 ГВС;15;Valtec (Russian/Chineese) VLF-R (SJ B)
VLF - 15;15;Valtec (Russian/Chineese) VLF-R (SJ B)
VLF 15;15;Valtec (Russian/Chineese) VLF-R (SJ B)
VLF 20;20;Valtec (Russian/Chineese) VLF-R (SJ B)
VLF R15;15;Valtec (Russian/Chineese) VLF-R (SJ B)
VLF -U-15;15;Valtec (Russian/Chineese) VLF-R (SJ B)
VLF-15;15;Valtec (Russian/Chineese) VLF-R (SJ B)
VLF20;20;Valtec (Russian/Chineese) VLF-R (SJ B)
VLF-20;20;Valtec (Russian/Chineese) VLF-R (SJ B)
VLF--20;20;Valtec (Russian/Chineese) VLF-R (SJ B)
VLF-20U;20;Valtec (Russian/Chineese) VLF-R (SJ B)
VLF25;20;Valtec (Russian/Chineese) VLF-R (SJ B)
VLF-R - 15;15;Valtec (Russian/Chineese) VLF-R (SJ B)
VLFR 15;15;Valtec (Russian/Chineese) VLF-R (SJ B)
VLF-R 15;15;Valtec (Russian/Chineese) VLF-R (SJ B)
VLFR15;15;Valtec (Russian/Chineese) VLF-R (SJ B)
VLFR-15;15;Valtec (Russian/Chineese) VLF-R (SJ B)
VLF-R15;15;Valtec (Russian/Chineese) VLF-R (SJ B)
VLF-R-15;15;Valtec (Russian/Chineese) VLF-R (SJ B)
VLFR20;20;Valtec (Russian/Chineese) VLF-R (SJ B)
VLFR-20;20;Valtec (Russian/Chineese) VLF-R (SJ B)
VLF-R-20;15;Valtec (Russian/Chineese) VLF-R (SJ B)
VLF-R-20;20;Valtec (Russian/Chineese) VLF-R (SJ B)
VLF-R-U-15;15;Valtec (Russian/Chineese) VLF-R (SJ B)
VLF-R-U-20;20;Valtec (Russian/Chineese) VLF-R (SJ B)
VLFU 15;15;Valtec (Russian/Chineese) VLF-R (SJ B)
VLF-U 15;15;Valtec (Russian/Chineese) VLF-R (SJ B)
VLF-U- 20;20;Valtec (Russian/Chineese) VLF-R (SJ B)
VLFU15;15;Valtec (Russian/Chineese) VLF-R (SJ B)
VLF-U-15;15;Valtec (Russian/Chineese) VLF-R (SJ B)
VLF-U-20;20;Valtec (Russian/Chineese) VLF-R (SJ B)
VLFv 15;15;Valtec (Russian/Chineese) VLF-R (SJ B)
VLR-15;15;Valtec (Russian/Chineese) VLF-R (SJ B)
WFK-15;15;Siemens WFK (SJ B)
WFK-20;20;Siemens WFK (SJ B)
WFW20.D110;20;Siemens WFK (SJ B)
WFК20.D110;20;Siemens WFK (SJ B)
WPD-40;40;SENSUS WPD
WPD-50;50;SENSUS WPD
WPD50/40;50;SENSUS WPD
WPD50/50;50;SENSUS WPD
WS-50;50;Zenner WS
WЕС-50;50;Itron Woltex WEC
YLF-R-W-15;15;Valtec (Russian/Chineese) VLF-R (SJ B)
Zenner-32;32;Zenner MTK (MJ B)
ZR-32;32;Zenner MTK (MJ B)
арзамаз 15;15;Arzamas (Russian) (SJ B)
ВCRV-90-25;25;Decast (Russian/Chinees) VSKM90 (MJ B)
ВCКM90-40;40;Decast (Russian/Chinees) VSKM90 (MJ B)
ВCКМ 90-25;25;Decast (Russian/Chinees) VSKM90 (MJ B)
ВCКМ-25Х;25;Decast (Russian/Chinees) VSKM90 (MJ B)
ВCКМ90-25;25;Decast (Russian/Chinees) VSKM90 (MJ B)
ВДГ - 25ИМ;25;Santechpribor (Russian/Chineese) VDG (SJ B)
ВДГ 25;25;Santechpribor (Russian/Chineese) VDG (SJ B)
ВДГ 32;32;Santechpribor (Russian/Chineese) VDG (SJ B)
ВДГ -32;32;Santechpribor (Russian/Chineese) VDG (SJ B)
ВДГ/32;32;Santechpribor (Russian/Chineese) VDG (SJ B)
ВДГ-20;20;Santechpribor (Russian/Chineese) VDG (SJ B)
ВДГ-20М;20;Santechpribor (Russian/Chineese) VDG (SJ B)
ВДГ25;25;Santechpribor (Russian/Chineese) VDG (SJ B)
ВДГ-25;25;Santechpribor (Russian/Chineese) VDG (SJ B)
ВДГ-25 ИМ;25;Santechpribor (Russian/Chineese) VDG (SJ B)
ВДГ-25ИМ;25;Santechpribor (Russian/Chineese) VDG (SJ B)
ВДГ-25-ТМ;25;Santechpribor (Russian/Chineese) VDG (SJ B)
ВДГ32;32;Santechpribor (Russian/Chineese) VDG (SJ B)
ВДГ-32;32;Santechpribor (Russian/Chineese) VDG (SJ B)
ВДГ-32 ИМ;32;Santechpribor (Russian/Chineese) VDG (SJ B)
ВДГ-32ИМ;32;Santechpribor (Russian/Chineese) VDG (SJ B)
ВДГ-32-ИМ;32;Santechpribor (Russian/Chineese) VDG (SJ B)
ВДГ-ИМ-25;25;Santechpribor (Russian/Chineese) VDG (SJ B)
ВДГ-ИМ-32;32;Santechpribor (Russian/Chineese) VDG (SJ B)
ВДТГ-50;50;Spectechpribor (Russian) VDT (Woltmann B)
ВДТГ-50 ИМ;50;Spectechpribor (Russian) VDT (Woltmann B)
ВДТГ50им;50;Spectechpribor (Russian) VDT (Woltmann B)
ВДТГ-50им;50;Spectechpribor (Russian) VDT (Woltmann B)
ВДТГ-65;65;Spectechpribor (Russian) VDT (Woltmann B)
ВДТГ-ИМ-65;65;Spectechpribor (Russian) VDT (Woltmann B)
ВДТХ-50;50;Spectechpribor (Russian) VDT (Woltmann B)
ВДТХ-50ИМ;50;Spectechpribor (Russian) VDT (Woltmann B)
ВДТХ-65;65;Spectechpribor (Russian) VDT (Woltmann B)
ВДХ-32;32;Santechpribor (Russian/Chineese) VDG (SJ B)
ВК - Г/32;32;Meter (Russian) VK-H (MJ B)
ВК/Г-25;25;Meter (Russian) VK-H (MJ B)
ВК-Г/25;25;Meter (Russian) VK-H (MJ B)
ВК-Г/32;32;Meter (Russian) VK-H (MJ B)
ВК-Г/40;40;Meter (Russian) VK-H (MJ B)
ВК-Г0/32;32;Meter (Russian) VK-H (MJ B)
ВКГ-32;32;Meter (Russian) VK-H (MJ B)
ВК-Г-40;40;Meter (Russian) VK-H (MJ B)
ВКМ - 25Х;25;Decast (Russian/Chinees) VKM (SJ B)
ВКМ 40;40;Decast (Russian/Chinees) VKM (SJ B)
ВКМ -50 М;50;Decast (Russian/Chinees) VSKM90 (MJ B)
ВКМ-25;25;Decast (Russian/Chinees) VKM (SJ B)
ВКМ-25Х;25;Decast (Russian/Chinees) VKM (SJ B)
ВКМ-32;32;Decast (Russian/Chinees) VKM (SJ B)
ВКМ-32М;32;Decast (Russian/Chinees) VKM (SJ B)
ВКМ-40;40;Decast (Russian/Chinees) VKM (SJ B)
ВКМ-40М;40;Decast (Russian/Chinees) VKM (SJ B)
ВКН-25Н;25;Decast (Russian/Chinees) VKM (SJ B)
ВКСМ 90-32;32;Meter (Russian) VKSM90 (MJ B)
ВКСМ 90-40;40;Decast (Russian/Chinees) VSKM90 (MJ B)
ВКСМ 90-50 Ф;50;Decast (Russian/Chinees) VSKM90 (MJ B)
ВКСМ90-40;40;Decast (Russian/Chinees) VSKM90 (MJ B)
ВК-Х/25;25;Meter (Russian) VK-H (MJ B)
ВК-Х/32;32;Meter (Russian) VK-H (MJ B)
ВК-Х/40;40;Meter (Russian) VK-H (MJ B)
ВКХ-25;25;Meter (Russian) VK-H (MJ B)
ВК-Х-25;25;Meter (Russian) VK-H (MJ B)
ВКХ-32;32;Meter (Russian) VK-H (MJ B)
ВКХ-40;40;Meter (Russian) VK-H (MJ B)
ВК-Х-40;40;Meter (Russian) VK-H (MJ B)
ВКХН-40;40;Meter (Russian) VK-H (MJ B)
ВМХ-100;100;Vodopribor (Russian) VMH (Woltmann B)
ВМХ-65;65;Vodopribor (Russian) VMH (Woltmann B)
ВНС-15;15;Meter (Russian) VK-H (MJ B)
ВС ХН-25;25;Apator VSHN (MJ B)
ВС-15;15;Apator VSHN (MJ B)
ВСГ-15;15;Apator VSHN (MJ B)
ВСГН-25;25;Apator VSHN (MJ B)
ВСГН-40;40;Apator VSHN (Woltmann B)
ВСК 90-32;32;Meter (Russian) VKSM90 (MJ B)
ВСК-15Г;15;Apator VSHN (MJ B)
ВСКМ - 25;25;Decast (Russian/Chinees) VSKM90 (MJ B)
ВСКМ 15;15;Decast (Russian/Chinees) VSKM90 (MJ B)
ВСКМ -15;15;Decast (Russian/Chinees) VSKM90 (MJ B)
ВСКМ 32;32;Meter (Russian) VKSM90 (MJ B)
ВСКМ 90- 25;25;Decast (Russian/Chinees) VSKM90 (MJ B)
ВСКМ 90 -32;32;Decast (Russian/Chinees) VSKM90 (MJ B)
ВСКМ -90/25;25;Decast (Russian/Chinees) VSKM90 (MJ B)
ВСКМ 90/32;32;Decast (Russian/Chinees) VSKM90 (MJ B)
ВСКМ 90/40;40;Decast (Russian/Chinees) VSKM90 (MJ B)
ВСКМ 90-15;15;Decast (Russian/Chinees) VSKM90 (MJ B)
ВСКМ 90-20;25;Decast (Russian/Chinees) VSKM90 (MJ B)
ВСКМ 90-20;20;Decast (Russian/Chinees) VSKM90 (MJ B)
ВСКМ 90-25;25;Decast (Russian/Chinees) VSKM90 (MJ B)
ВСКМ 90-25Х;25;Decast (Russian/Chinees) VSKM90 (MJ B)
ВСКМ 90-32;32;Decast (Russian/Chinees) VSKM90 (MJ B)
ВСКМ 90-40;40;Decast (Russian/Chinees) VSKM90 (MJ B)
ВСКМ 90-40Х;40;Decast (Russian/Chinees) VSKM90 (MJ B)
ВСКМ 90-50;50;Decast (Russian/Chinees) VSKM90 (MJ B)
ВСКМ 90-50Ф;50;Decast (Russian/Chinees) VSKM90 (MJ B)
ВСКМ-15;15;Decast (Russian/Chinees) VSKM90 (MJ B)
ВСКМ-15У;15;Decast (Russian/Chinees) VSKM90 (MJ B)
ВСКМ-20;20;Decast (Russian/Chinees) VSKM90 (MJ B)
ВСКМ-20Х;20;Decast (Russian/Chinees) VSKM90 (MJ B)
ВСКМ25;25;Decast (Russian/Chinees) VSKM90 (MJ B)
ВСКМ-25;25;Decast (Russian/Chinees) VSKM90 (MJ B)
ВСКМ-32;32;Decast (Russian/Chinees) VSKM90 (MJ B)
ВСКМ-32Х;32;Decast (Russian/Chinees) VSKM90 (MJ B)
ВСКМ-40;40;Decast (Russian/Chinees) VSKM90 (MJ B)
ВСКМ50;50;Decast (Russian/Chinees) VSKM90 (MJ B)
ВСКМ-50;50;Decast (Russian/Chinees) VSKM90 (MJ B)
ВСКМ-90/32;32;Decast (Russian/Chinees) VSKM90 (MJ B)
ВСКМ90-15;15;Decast (Russian/Chinees) VSKM90 (MJ B)
ВСКМ90-20;20;Decast (Russian/Chinees) VSKM90 (MJ B)
ВСКМ-90-20;20;Decast (Russian/Chinees) VSKM90 (MJ B)
ВСКМ90-25;25;Decast (Russian/Chinees) VSKM90 (MJ B)
ВСКМ-90-25;25;Decast (Russian/Chinees) VSKM90 (MJ B)
ВСКМ90-25х;25;Decast (Russian/Chinees) VSKM90 (MJ B)
ВСКМ90-32;32;Decast (Russian/Chinees) VSKM90 (MJ B)
ВСКМ-90-32;32;Decast (Russian/Chineese) VSKM90 (MJ B)
ВСКМ90-32Г;32;Decast (Russian/Chineese) VSKM90 (MJ B)
ВСКМ90-32ДГ;32;Decast (Russian/Chinees) VSKM90 (MJ B)
ВСКМ90-32Х;32;Decast (Russian/Chinees) VSKM90 (MJ B)
ВСКМ90-40;40;Decast (Russian/Chinees) VSKM90 (MJ B)
ВСКМ90-40;32;Decast (Russian/Chinees) VSKM90 (MJ B)
ВСКМ-90-40;40;Decast (Russian/Chinees) VSKM90 (MJ B)
ВСКМ-90-40ДГ;40;Decast (Russian/Chinees) VSKM90 (MJ B)
ВСКМ90-50;50;Decast (Russian/Chinees) VSKM90 (MJ B)
ВСКМ-90-50;50;Decast (Russian/Chinees) VSKM90 (MJ B)
ВСКМ90-50С;50;Decast (Russian/Chinees) VSKM90 (MJ B)
ВСКМ90-50х;50;Decast (Russian/Chinees) VSKM90 (MJ B)
ВСКН 90-25;25;Decast (Russian/Chinees) VSKM90 (MJ B)
ВСКН-50;50;Decast (Russian/Chinees) VSKM90 (MJ B)
ВСКСМ 90-32;32;Decast (Russian/Chinees) VSKM90 (MJ B)
ВСН-15;15;Apator VSHN (MJ B)
ВСТ 40;40;Meter (Russian/Chineese) VST (Woltmann B)
ВСТ15;15;Apator VSHN (MJ B)
ВСТ20;20;Meter (Russian/Chineese) VSTN (MJ B)
ВСТ-20;20;Meter (Russian/Chineese) VSTN (MJ B)
ВСТ-25;25;Meter (Russian/Chineese) VSTN (MJ B)
ВСТ-32;32;Meter (Russian/Chineese) VSTN (MJ B)
ВСТ-40;40;Meter (Russian/Chineese) VST (Woltmann B)
ВСТН-25;25;Meter (Russian/Chineese) VSTN (MJ B)
ВСТН-32;32;Meter (Russian/Chineese) VSTN (MJ B)
ВСТН40;40;Meter (Russian/Chineese) VST (Woltmann B)
ВСТН-40;40;Meter (Russian/Chineese) VST (Woltmann B)
ВСТН65;65;Apator VSHN (Woltmann B)
ВСТН-65;65;Apator VSHN (Woltmann B)
ВСХ - 20;20;Apator VSHN (MJ B)
ВСХ/32;32;Apator VSHN (MJ B)
ВСХ-15;15;Apator VSHN (MJ B)
ВСХ15-02;15;Apator VSHN (MJ B)
ВСХ-20;20;Apator VSHN (MJ B)
ВСХ-25;25;Apator VSHN (MJ B)
ВСХ32;32;Apator VSHN (MJ B)
ВСХ-32;32;Apator VSHN (MJ B)
ВСХ-40;40;Apator VSHN (MJ B)
ВСХ-80;80;Apator VSHN (Woltmann B)
ВСХД 25;25;Apator VSHN (MJ B)
ВСХД 32;32;Apator VSHN (MJ B)
ВСХД -32;32;Apator VSHN (MJ B)
ВСХД 40;40;Apator VSHN (MJ B)
ВСХд- 40;40;Apator VSHN (MJ B)
ВСХД-15;15;Apator VSHN (MJ B)
ВСХД20;20;Apator VSHN (MJ B)
ВСХд-20;20;Apator VSHN (MJ B)
ВСХД-25;25;Apator VSHN (MJ B)
ВСХД-32;32;Apator VSHN (MJ B)
ВСХД-40;40;Apator VSHN (MJ B)
ВСХд-50;50;Apator VSHN (Woltmann B)
ВСХд-65;65;Apator VSHN (Woltmann B)
ВСХд-80;80;Apator VSHN (Woltmann B)
ВСХМ-40;40;Apator VSHN (MJ B)
ВСХН - 32;32;Apator VSHN (MJ B)
ВСХН - 40;40;Apator VSHN (MJ B)
ВСХН - 50;50;Apator VSHN (Woltmann B)
ВСХН -100;100;Apator VSHN (Woltmann B)
ВСХН 32;32;Apator VSHN (MJ B)
ВСХН 40;40;Apator VSHN (MJ B)
ВСХН 50;50;Apator VSHN (Woltmann B)
ВСХН -50;50;Apator VSHN (Woltmann B)
ВСХН 65;65;Apator VSHN (Woltmann B)
ВСХН -80;80;Apator VSHN (Woltmann B)
ВСХН-100;100;Apator VSHN (Woltmann B)
ВСХН-100;80;Apator VSHN (Woltmann B)
ВСХН25;25;Apator VSHN (MJ B)
ВСХН-25;25;Apator VSHN (MJ B)
ВСХН-25;15;Apator VSHN (MJ B)
ВСХН-32;32;Apator VSHN (MJ B)
ВСХН40;40;Apator VSHN (MJ B)
ВСХН-40;40;Apator VSHN (MJ B)
ВСХН50;50;Apator VSHN (Woltmann B)
ВСХН-50;50;Apator VSHN (Woltmann B)
ВСХН-50;80;Apator VSHN (Woltmann B)
ВСХН-50;15;Apator VSHN (MJ B)
ВСХН65;65;Apator VSHN (Woltmann B)
ВСХН-65;65;Apator VSHN (Woltmann B)
ВСХН-80;80;Apator VSHN (Woltmann B)
ВСХНД 32;32;Apator VSHN (MJ B)
ВСХНд-32;32;Apator VSHN (MJ B)
ВСХНд-40;40;Apator VSHN (MJ B)
ВСХНд-40;32;Apator VSHN (MJ B)
ВСХНд65;65;Apator VSHN (Woltmann B)
ВТ-50;50;Meter (Russian/Chineese) VT (Woltmann B)
ВТ-50Г;50;Meter (Russian/Chineese) VT (Woltmann B)
ВТ-50Х;50;Meter (Russian/Chineese) VT (Woltmann B)
ВТ-65Г;65;Meter (Russian/Chineese) VT (Woltmann B)
ВТ65Х;65;Meter (Russian/Chineese) VT (Woltmann B)
ВТ-65Х;65;Meter (Russian/Chineese) VT (Woltmann B)
ВТ-80;80;Meter (Russian/Chineese) VT (Woltmann B)
ВТ-80Х;80;Meter (Russian/Chineese) VT (Woltmann B)
ГЛ - 15;15;TAIPIT (Russian/Chineese) OHTA (SJ B)
ГЛ - 15х;15;TAIPIT (Russian/Chineese) OHTA (SJ B)
ГЛ 15;15;TAIPIT (Russian/Chineese) OHTA (SJ B)
ГЛ 15  1.6;15;TAIPIT (Russian/Chineese) OHTA (SJ B)
ГЛ 15 1,6;15;TAIPIT (Russian/Chineese) OHTA (SJ B)
ГЛ 15 1.6;15;TAIPIT (Russian/Chineese) OHTA (SJ B)
ГЛ 151.6;15;TAIPIT (Russian/Chineese) OHTA (SJ B)
Гл, 15 1,6;15;TAIPIT (Russian/Chineese) OHTA (SJ B)
ГЛ15;15;TAIPIT (Russian/Chineese) OHTA (SJ B)
ГЛ-15;15;TAIPIT (Russian/Chineese) OHTA (SJ B)
ГЛ-15 1.6;15;TAIPIT (Russian/Chineese) OHTA (SJ B)
ГЛ-15 тайпит;15;TAIPIT (Russian/Chineese) OHTA (SJ B)
ГЛ-20;20;TAIPIT (Russian/Chineese) OHTA (SJ B)
ДДГ-25;25;Decast (Russian/Chinees) VSKM90 (MJ B)
ДН15V;15;Decast (Russian/Chinees) VSKM90 (MJ B)
ЕТК - 15;15;Zenner ETK (SJ B)
ЕТК 20;20;Zenner ETK (SJ B)
ЕТК-15;15;Zenner ETK (SJ B)
ЕТК-15Х;15;Zenner ETK (SJ B)
ЕТК-20;20;Zenner ETK (SJ B)
КВг-15;15;TRITON (Russian/Chineese) KVU (SJ B)
КВУ-15;15;TRITON (Russian/Chineese) KVU (SJ B)
КВх1,5;15;TRITON (Russian/Chineese) KVU (SJ B)
КВх-15;15;TRITON (Russian/Chineese) KVU (SJ B)
КЛ-15;15;TAIPIT (Russian/Chineese) OHTA (SJ B)
М120(MTR)-25;25;ELSTER MTR (MJ B)
МINKOR-15;15;Mincor (Russian) MK-U (SJ B)
МЕTER ВК-Х/32;32;Meter (Russian) VK-H (MJ B)
Меркурий 230 АМ-03;0;Electricity meter
МЕТЕR CB-15;15;Meter (Russian/Chineese) SVU (SJ B)
МЕТЕR СВУ-15;15;Meter (Russian/Chineese) SVU (SJ B)
МЕТЕР ВК-Г/32;32;Meter (Russian/Chineese) VK-H (MJ B)
МЕТЕР ВК-Г-40;40;Meter (Russian/Chineese) VK-H (MJ B)
Метер ВК-Х/25;25;Meter (Russian/Chineese) VK-H (MJ B)
МЕТЕР ВК-Х/25;32;Meter (Russian/Chineese) VK-H (MJ B)
Метер ВК-Х/32;32;Meter (Russian/Chineese) VK-H (MJ B)
МЕТЕР ВК-Х/40;40;Meter (Russian/Chineese) VK-H (MJ B)
МЕТЕР ВК-Х/50;50;Meter (Russian/Chineese) VT (Woltmann B)
МЕТЕР ВК-Х-25;25;Meter (Russian/Chineese) VK-H (MJ B)
Метер ВТ - 65Х;65;Meter (Russian/Chineese) VT (Woltmann B)
метер ВТ-50;100;Meter (Russian/Chineese) VT (Woltmann B)
Метер ВТ-65Х;65;Meter (Russian/Chineese) VT (Woltmann B)
МЕТЕР СВ-15;15;Meter (Russian/Chineese) SVU (SJ B)
МЕТЕР СВ-15-Г;15;Meter (Russian/Chineese) SVU (SJ B)
Метер СВ-15Х;15;Meter (Russian/Chineese) SVU (SJ B)
МЕТЕР СВ-20;20;Meter (Russian/Chineese) SVU (SJ B)
МЕТЕР СВ-25;25;Meter (Russian/Chineese) VK-H (MJ B)
МЕТЕР СВ-32;32;Meter (Russian/Chineese) VK-H (MJ B)
МЕТЕР СВ-40;40;Meter (Russian/Chineese) VK-H (MJ B)
МЕТЕР СВУ -15;15;Meter (Russian/Chineese) SVU (SJ B)
МЕТЕР СВУ-15;15;Meter (Russian/Chineese) SVU (SJ B)
МЕТЕР-15;15;Meter (Russian/Chineese) SVU (SJ B)
МИНКОР-15;15;Mincor (Russian) MK-U (SJ B)
МКU-15;15;Mincor (Russian) MK-U (SJ B)
МК-U-15;15;Mincor (Russian) MK-U (SJ B)
МК-И-15;15;Mincor (Russian) MK-U (SJ B)
МТ 50/50;50;SENSUS MT50 QN-T
МТ50;40;SENSUS MT50 QN-T
МТ-50;25;SENSUS MT50 QN-T
МТ-50;50;SENSUS MT50 QN-T
МТ50 QN 25;25;SENSUS MT50 QN-T
МТ50/25;25;SENSUS MT50 QN-T
МТ50/40;40;SENSUS MT50 QN-T
МТ50-25;25;SENSUS MT50 QN-T
МТ50QN25;25;SENSUS MT50 QN-T
МТ50qn32;32;SENSUS MT50 QN-T
МТ50QN40;40;SENSUS MT50 QN-T
МТ50х25;25;SENSUS MT50 QN-T
МТK-N-32;32;Zenner MTK (MJ B)
МТК-25;25;Zenner MTK (MJ B)
МТК-32;15;Zenner MTK (MJ B)
МТК-50;50;Zenner MTK (MJ B)
Невод СВУ 15;15;Norma (Russian) (SJ B)
НОМА СВК-15Г;15;Norma (Russian) (SJ B)
НОМА СВКМ-15Г;15;Norma (Russian) (SJ B)
НОРМА ВК-32;32;Norma (Russian) (SJ B)
НОРМА ВСКМ-15Г;15;Norma (Russian) (SJ B)
НОРМА ВСКМ-15У;15;Norma (Russian) (SJ B)
НОРМА СВ-15;15;Norma (Russian) (SJ B)
НОРМА СВК-15Г;15;Norma (Russian) (SJ B)
НОРМА СВК-15Х;15;Norma (Russian) (SJ B)
Норма СВК-20Г;20;Norma (Russian) (SJ B)
Норма СВК-20х;15;Norma (Russian) (SJ B)
НОРМА СВК-25;25;Norma (Russian) (SJ B)
Норма СВК-25Г;25;Norma (Russian) (SJ B)
НОРМА СВК-25Х;25;Norma (Russian) (SJ B)
НОРМА СВК-32Г;32;Norma (Russian) (SJ B)
Норма СВК-32Х;32;Norma (Russian) (SJ B)
НОРМА СВК-40;40;Norma (Russian) (SJ B)
НОРМА СВК-40Х;40;Norma (Russian) (SJ B)
НОРМА СВКМ 15У;15;Norma (Russian) (SJ B)
НОРМА СВКМ-15;15;Norma (Russian) (SJ B)
Норма СВКМ-15 У;15;Norma (Russian) (SJ B)
НОРМА СВКМ-15г;15;Norma (Russian) (SJ B)
Норма СВКМ-15У;15;Norma (Russian) (SJ B)
НОРМА СВКМ-15Х;15;Norma (Russian) (SJ B)
Норма СВКМ-20Г;20;Norma (Russian) (SJ B)
Норма СВКМ-20Х;20;Norma (Russian) (SJ B)
НОРМА СВКМ-25х;25;Norma (Russian) (SJ B)
НОРМА СВКМ-32Х;32;Norma (Russian) (SJ B)
НОРМА СВКМ-40;40;Norma (Russian) (SJ B)
НОРМА СВКМ-40Г;40;Norma (Russian) (SJ B)
НОРМА СТВ-50Х;50;Norma (Russian) (Woltmann B)
НОРМА СТВ-65;65;Norma (Russian) STV (Woltmann B)
НОРМА-15;15;Norma (Russian) (SJ B)
НОРМАМ СВКМ 15У;15;Norma (Russian) (SJ B)
НОРМАСВКМ15У;15;Norma (Russian) (SJ B)
НОРМА ИС.;;Norma (Russian) (SJ B)
ОCВХ-32;32;Decast (Russian/Chinees) OSVH (SJ B)
ОВСУ-15;15;Decast (Russian/Chinees) OSVH (SJ B)
ОВУ-15;15;Decast (Russian/Chinees) OSVH (SJ B)
ОВХ-40;40;Decast (Russian/Chinees) OSVH (SJ B)
ОГЛ-15;15;TAIPIT (Russian/Chineese) OHTA (SJ B)
ОСБУ-32;32;Decast (Russian/Chinees) OSVH (SJ B)
ОСВ 32;32;Decast (Russian/Chinees) OSVH (SJ B)
ОСВ-25;25;Decast (Russian/Chinees) OSVH (SJ B)
ОСВ-32;32;Decast (Russian/Chinees) OSVH (SJ B)
ОСВ-40;40;Decast (Russian/Chinees) OSVH (SJ B)
ОСВX-32;32;Decast (Russian/Chinees) OSVH (SJ B)
ОСВМ-32;32;Decast (Russian/Chinees) OSVH (SJ B)
ОСВУ - 25;25;Decast (Russian/Chinees) OSVH (SJ B)
ОСВУ - 32;32;Decast (Russian/Chinees) OSVH (SJ B)
ОСВУ - 40;40;Decast (Russian/Chinees) OSVH (SJ B)
ОСВУ 15;15;Decast (Russian/Chinees) OSVH (SJ B)
ОСВУ -15;15;Decast (Russian/Chinees) OSVH (SJ B)
ОСВУ 25;25;Decast (Russian/Chinees) OSVH (SJ B)
ОСВУ 40;40;Decast (Russian/Chinees) OSVH (SJ B)
ОСВУ-15;15;Decast (Russian/Chinees) OSVH (SJ B)
ОСВУ-25;25;Decast (Russian/Chinees) OSVH (SJ B)
ОСВУ-25ДГ;25;Decast (Russian/Chinees) OSVH (SJ B)
ОСВУ32;32;Decast (Russian/Chinees) OSVH (SJ B)
ОСВУ-32;32;Decast (Russian/Chinees) OSVH (SJ B)
ОСВУ-32;25;Decast (Russian/Chinees) OSVH (SJ B)
ОСВУ40;40;Decast (Russian/Chinees) OSVH (SJ B)
ОСВУ-40;40;Decast (Russian/Chinees) OSVH (SJ B)
ОСВХ - 32;32;Decast (Russian/Chinees) OSVH (SJ B)
ОСВХ -40;40;Decast (Russian/Chinees) OSVH (SJ B)
ОСВХ-25;25;Decast (Russian/Chinees) OSVH (SJ B)
ОСВХ32;32;Decast (Russian/Chinees) OSVH (SJ B)
ОСВХ-32;32;Decast (Russian/Chinees) OSVH (SJ B)
ОСВХ-40;40;Decast (Russian/Chinees) OSVH (SJ B)
ОСУ-40;40;Decast (Russian/Chinees) OSVH (SJ B)
ОХТ ХЛ-15;15;TAIPIT (Russian/Chineese) OHTA (SJ B)
ОХТА - 15;15;TAIPIT (Russian/Chineese) OHTA (SJ B)
ОХТА  ГЛ-15;15;TAIPIT (Russian/Chineese) OHTA (SJ B)
ОХТА  ХЛ15;15;TAIPIT (Russian/Chineese) OHTA (SJ B)
Охта 15;15;TAIPIT (Russian/Chineese) OHTA (SJ B)
ОХТА 20;20;Taipit (Russian/Chineese) OHTA GL (SJ B)
ОХТА ГЛ 15;15;TAIPIT (Russian/Chineese) OHTA (SJ B)
ОХТА ГЛ -15;15;TAIPIT (Russian/Chineese) OHTA (SJ B)
ОХТА ГЛ 15 1.6;15;TAIPIT (Russian/Chineese) OHTA (SJ B)
ОХТА ГЛ- 15 1.6;15;TAIPIT (Russian/Chineese) OHTA (SJ B)
ОХТА ГЛ15;15;TAIPIT (Russian/Chineese) OHTA (SJ B)
ОХТА ГЛ-15;15;TAIPIT (Russian/Chineese) OHTA (SJ B)
ОХТА -ГЛ-15;15;TAIPIT (Russian/Chineese) OHTA (SJ B)
ОХТА ГЛ15 1.6;15;TAIPIT (Russian/Chineese) OHTA (SJ B)
ОХТА ГЛ20;20;Taipit (Russian/Chineese) OHTA GL (SJ B)
ОХТА ГЛ-20;15;TAIPIT (Russian/Chineese) OHTA (SJ B)
ОХТА М -25;25;Taipit (Russian/Chineese) OHTA M (MJ B)
ОХТА М 25 Х;25;Taipit (Russian/Chineese) OHTA M (MJ B)
ОХТА М 40;40;Taipit (Russian/Chineese) OHTA M (MJ B)
ОХТА М 40Х;40;Taipit (Russian/Chineese) OHTA M (MJ B)
ОХТА М 50Х;50;TAIPIT (Russian/Chineese) OHTA (MJ B)
Охта М32Х;32;Taipit (Russian/Chineese) OHTA M (MJ B)
ОХТА М-32Х;32;Taipit (Russian/Chineese) OHTA M (MJ B)
ОХТА М-40;40;Taipit (Russian/Chineese) OHTA M (MJ B)
ОХТА М-40У;40;Taipit (Russian/Chineese) OHTA M (MJ B)
ОХТА М-40Х;40;Taipit (Russian/Chineese) OHTA M (MJ B)
ОХТА М40Х STD;40;Taipit (Russian/Chineese) OHTA M (MJ B)
ОХТА ХЛ 15;15;TAIPIT (Russian/Chineese) OHTA (SJ B)
ОХТА ХЛ15;15;TAIPIT (Russian/Chineese) OHTA (SJ B)
ОХТА ХЛ-15;15;TAIPIT (Russian/Chineese) OHTA (SJ B)
ОХТА ХЛ-20;20;Taipit (Russian/Chineese) OHTA M (MJ B)
ОХТА15;15;TAIPIT (Russian/Chineese) OHTA (SJ B)
Охта-15;15;TAIPIT (Russian/Chineese) OHTA (SJ B)
ОХТА-20;20;Taipit (Russian/Chineese) OHTA M (MJ B)
ОХТА25х;25;Taipit (Russian/Chineese) OHTA M (MJ B)
ОХТАГЛ 20;20;Taipit (Russian/Chineese) OHTA GL (SJ B)
ОХТА-ГЛ20;20;Taipit (Russian/Chineese) OHTA GL (SJ B)
ОХТАМ-25Х;25;Taipit (Russian/Chineese) OHTA M (MJ B)
ОХТАХЛ 15;15;TAIPIT (Russian/Chineese) OHTA (SJ B)
ОХТАХЛ15;15;TAIPIT (Russian/Chineese) OHTA (SJ B)
ОХТАХЛ-15;15;TAIPIT (Russian/Chineese) OHTA (SJ B)
ПС 0402РУ;15;Pulsar (Russian) Puls (SJ B)
ПУЛС-15У-110;15;Pulsar (Russian) Puls (SJ B)
Пульс 15У -110;15;Pulsar (Russian) Puls (SJ B)
ПУЛЬС 15У-110;15;Pulsar (Russian) Puls (SJ B)
Пульс -15У-110;15;Pulsar (Russian) Puls (SJ B)
пульс15;15;Pulsar (Russian) Puls (SJ B)
ПУЛЬС-15;15;Pulsar (Russian) Puls (SJ B)
Пульс15у;15;Pulsar (Russian) Puls (SJ B)
Пульс-15у;15;Pulsar (Russian) Puls (SJ B)
Пульс15у-110;15;Pulsar (Russian) Puls (SJ B)
Пульс-15У-110;15;Pulsar (Russian) Puls (SJ B)
С В-15;15;Meter (Russian/Chineese) SVU (SJ B)
СБК-40;40;Vodopribor (Russian) SKB (SJ B)
СВ - 15;15;Meter (Russian/Chineese) SVU (SJ B)
СВ 15;15;Meter (Russian/Chineese) SVU (SJ B)
СВ 15-110;15;Meter (Russian/Chineese) SVU (SJ B)
СВ 15х;15;Meter (Russian/Chineese) SVU (SJ B)
СВ15;15;Meter (Russian/Chineese) SVU (SJ B)
СВ-15;15;Meter (Russian/Chineese) SVU (SJ B)
СВ-15 МЕТЕР;15;Meter (Russian/Chineese) SVU (SJ B)
СВ15-110;15;Meter (Russian/Chineese) SVU (SJ B)
СВ-15-110;15;Meter (Russian/Chineese) SVU (SJ B)
СВ-15-3-2;15;Meter (Russian/Chineese) SVU (SJ B)
СВ-15-3х;15;Meter (Russian/Chineese) SVU (SJ B)
СВ15Г;15;Meter (Russian/Chineese) SVU (SJ B)
СВ-15Г;15;Meter (Russian/Chineese) SVU (SJ B)
СВ-15-Г;15;Meter (Russian/Chineese) SVU (SJ B)
СВ15Х;15;Meter (Russian/Chineese) SVU (SJ B)
СВ15-Х;15;Meter (Russian/Chineese) SVU (SJ B)
СВ-15Х;15;Meter (Russian/Chineese) SVU (SJ B)
СВ-15-Х;15;Meter (Russian/Chineese) SVU (SJ B)
СВ-15Х-15;15;Meter (Russian/Chineese) SVU (SJ B)
СВ-20;20;Meter (Russian/Chineese) SVU (SJ B)
СВ-20Г;20;Meter (Russian/Chineese) SVU (SJ B)
СВ-25;25;Norma (Russian) (SJ B)
СВ-32;32;Norma (Russian) (SJ B)
СВ-32;15;Norma (Russian) (SJ B)
СВ-40;40;Norma (Russian) (SJ B)
СВk-32;32;Norma (Russian) (SJ B)
СВY-15;15;Norma (Russian) (SJ B)
СВГ-15;15;Norma (Russian) (SJ B)
СВД-15;15;Norma (Russian) (SJ B)
СВК 15 Г;15;Norma (Russian) (SJ B)
СВК 15/3;15;Norma (Russian) (SJ B)
СВК 15-3-2;15;Norma (Russian) (SJ B)
СВК 15Г;15;Norma (Russian) (SJ B)
СВК 15Х;15;Norma (Russian) (SJ B)
СВК -15Х;15;Norma (Russian) (SJ B)
СВК- 20;20;Norma (Russian) (SJ B)
СВК 20Г;15;Norma (Russian) (SJ B)
СВК 25Х;25;Norma (Russian) (SJ B)
СВК -32;32;Norma (Russian) (SJ B)
СВК М-15Г;15;Norma (Russian) (SJ B)
СВК- М-15Г;15;Norma (Russian) (SJ B)
СВК-1-3-2;15;Norma (Russian) (SJ B)
СВК15;15;Norma (Russian) (SJ B)
СВК-15;15;Norma (Russian) (SJ B)
СВК15 15 У;15;Norma (Russian) (SJ B)
СВК-15 Г;15;Norma (Russian) (SJ B)
СВК-15/3;15;Norma (Russian) (SJ B)
СВК-15-3;15;Norma (Russian) (SJ B)
СВК15-3-2;15;Norma (Russian) (SJ B)
СВК-15-3-2;15;Norma (Russian) (SJ B)
СВК15Г;15;Norma (Russian) (SJ B)
СВк15-г;15;Norma (Russian) (SJ B)
СВК-15Г;15;Norma (Russian) (SJ B)
СВК15Х;15;Norma (Russian) (SJ B)
СВк-15х;15;Norma (Russian) (SJ B)
СВК-15-Х;15;Norma (Russian) (SJ B)
СВК-20;20;Norma (Russian) (SJ B)
СВК-20 Р;20;Norma (Russian) (SJ B)
СВК-20 Х;20;Norma (Russian) (SJ B)
СВК-20Г;20;Norma (Russian) (SJ B)
СВК-20Г;15;Norma (Russian) (SJ B)
СВК-20Г левый;20;Norma (Russian) (SJ B)
СВК-20г правый;20;Norma (Russian) (SJ B)
СВК-20Х;20;Norma (Russian) (SJ B)
СВК-20Х;15;Norma (Russian) (SJ B)
СВК-25;25;Norma (Russian) (SJ B)
СВК-25Г;25;Norma (Russian) (SJ B)
СВК-25г;15;Norma (Russian) (SJ B)
СВК-25Х;25;Norma (Russian) (SJ B)
СВК-32;32;Norma (Russian) (SJ B)
СВК-32Г;32;Norma (Russian) (SJ B)
СВК-32Х;32;Norma (Russian) (SJ B)
СВК-40;40;Norma (Russian) (SJ B)
СВК-40Г;40;Norma (Russian) (SJ B)
СВК-40Х;40;Norma (Russian) (SJ B)
СВК-50Х;50;Norma (Russian) (SJ B)
СВКM-15;15;Norma (Russian) (SJ B)
СВКМ - 15;15;Norma (Russian) (SJ B)
СВКМ - 15У;15;Norma (Russian) (SJ B)
СВКМ 15;15;Norma (Russian) (SJ B)
СВКМ -15;15;Norma (Russian) (SJ B)
СВКМ 15 V;15;Norma (Russian) (SJ B)
СВКМ -15 V;15;Norma (Russian) (SJ B)
СВКМ 15 У;15;Norma (Russian) (SJ B)
СВКМ 15 Х;15;Norma (Russian) (SJ B)
СВКМ 15Г;15;Norma (Russian) (SJ B)
СВКМ 15к;15;Norma (Russian) (SJ B)
СВКМ 15У;15;Norma (Russian) (SJ B)
СВКМ -15У;15;Norma (Russian) (SJ B)
СВКМ -15х;15;Norma (Russian) (SJ B)
СВКМ 20;20;Norma (Russian) (SJ B)
СВКМ 20Х;20;Norma (Russian) (SJ B)
СВКМ -25;25;Norma (Russian) (SJ B)
СВКМ 25Г;25;Norma (Russian) (SJ B)
СВКМ- 32;32;Norma (Russian) (SJ B)
СВКМ 32Г;32;Norma (Russian) (SJ B)
СВКМ 32Х;32;Norma (Russian) (SJ B)
СВКМ 40х;40;Norma (Russian) (SJ B)
СВКМ -40Х;40;Norma (Russian) (SJ B)
СВКМ 90-25;25;Norma (Russian) (SJ B)
СВКМ 90-25Х;25;Norma (Russian) (SJ B)
СВКМ15;15;Norma (Russian) (SJ B)
СВКМ-15;15;Norma (Russian) (SJ B)
СВКМ-15 Г;15;Norma (Russian) (SJ B)
СВКМ-15 У;15;Norma (Russian) (SJ B)
СВКМ-15 Х;15;Norma (Russian) (SJ B)
СВКМ15V;15;Norma (Russian) (SJ B)
СВКМ-15V;15;Norma (Russian) (SJ B)
СВКМ-15Y;15;Norma (Russian) (SJ B)
СВКМ15Г;15;Norma (Russian) (SJ B)
СВКМ-15Г;15;Norma (Russian) (SJ B)
СВКМ-15Н;15;Norma (Russian) (SJ B)
СВКМ-15У;15;Norma (Russian) (SJ B)
СВКМ-15-У;15;Norma (Russian) (SJ B)
СВКМ-15У/УИ;15;Norma (Russian) (SJ B)
СВКМ-15х;15;Norma (Russian) (SJ B)
СВКМ-20;20;Norma (Russian) (SJ B)
СВКМ-20Г;20;Norma (Russian) (SJ B)
СВКМ-20Х;20;Norma (Russian) (SJ B)
СВКМ-25;25;Norma (Russian) (SJ B)
СВКМ-25Г;25;Norma (Russian) (SJ B)
СВКМ-25Х;25;Norma (Russian) (SJ B)
СВКМ-25Х;20;Norma (Russian) (SJ B)
СВКМ-32;32;Norma (Russian) (SJ B)
СВКМ-32Г;32;Norma (Russian) (SJ B)
СВКМ-32Х;32;Norma (Russian) (SJ B)
СВКМ-32Х;25;Norma (Russian) (SJ B)
СВКМ-32х;15;Norma (Russian) (SJ B)
СВКМ-40;40;Norma (Russian) (SJ B)
СВКМ-40 Х;40;Norma (Russian) (SJ B)
СВКМ40Г;40;Norma (Russian) (SJ B)
СВКМ-40Г;40;Norma (Russian) (SJ B)
СВКМ-40Г;32;Norma (Russian) (SJ B)
СВКМ-40Х;40;Norma (Russian) (SJ B)
СВКМ-50Х;50;Norma (Russian) (SJ B)
СВКМ90-20Х;20;Norma (Russian) (SJ B)
СВКМ-У-15;15;Norma (Russian) (SJ B)
СВКС-25г;15;Norma (Russian) (SJ B)
СВК-Х/32;32;Norma (Russian) (SJ B)
СВМ-15;15;Norma (Russian) (SJ B)
СВМ-15Г;15;Norma (Russian) (SJ B)
СВУ - 15;15;Norma (Russian) (SJ B)
СВУ 15;15;Norma (Russian) (SJ B)
СВУ -15;15;Norma (Russian) (SJ B)
СВУ- 15;15;Norma (Russian) (SJ B)
СВУ15;15;Norma (Russian) (SJ B)
СВУ-15;15;Norma (Russian) (SJ B)
СВУ-15;20;Norma (Russian) (SJ B)
СВУ-15Г;15;Norma (Russian) (SJ B)
СВУ-15Х;15;Norma (Russian) (SJ B)
СВУ-32;32;Norma (Russian) (SJ B)
СВХ 15;15;Norma (Russian) (SJ B)
СВХ-15;15;Norma (Russian) (SJ B)
СВХ-32;32;Norma (Russian) (SJ B)
СВЧ- 15;15;Norma (Russian) (SJ B)
СГВ15;15;Norma (Russian) (SJ B)
СГВ-15;15;Norma (Russian) (SJ B)
СГВ-15-3;15;Norma (Russian) (SJ B)
СГВ-15Х;15;Norma (Russian) (SJ B)
СГВ-20;20;Norma (Russian) (SJ B)
СКБ 25;25;Vodopribor (Russian) SKB (SJ B)
СКБ -32;32;Vodopribor (Russian) SKB (SJ B)
СКБ- 32;32;Vodopribor (Russian) SKB (SJ B)
СКБ 40;40;Vodopribor (Russian) SKB (SJ B)
СКБ -40;40;Vodopribor (Russian) SKB (SJ B)
СКБ- 40;40;Vodopribor (Russian) SKB (SJ B)
СКБ-20;20;Vodopribor (Russian) SKB (SJ B)
СКБ-25;25;Vodopribor (Russian) SKB (SJ B)
СКБ-32;32;Vodopribor (Russian) SKB (SJ B)
СКБ-4;40;Vodopribor (Russian) SKB (SJ B)
СКБ40;40;Vodopribor (Russian) SKB (SJ B)
СКБ-40;40;Vodopribor (Russian) SKB (SJ B)
СКБ-40 Г/В;40;Vodopribor (Russian) SKB (SJ B)
СКВ-15;15;Vodopribor (Russian) SKB (SJ B)
СКМ-40;40;Norma (Russian) (SJ B)
СТВ- 50ХИ;50;Norma (Russian) STV (Woltmann B)
СТВ-150Х левый;150;Norma (Russian) STV (Woltmann B)
СТВ-150Х правый;150;Norma (Russian) STV (Woltmann B)
СТВ-50;50;Norma (Russian) STV (Woltmann B)
СТВ50-50Х;50;Norma (Russian) STV (Woltmann B)
СТВ-50Х;50;Norma (Russian) STV (Woltmann B)
СТВ-65;65;Norma (Russian) STV (Woltmann B)
СТВ-65 ТН;65;Norma (Russian) STV (Woltmann B)
СТВ-65Х;65;Norma (Russian) STV (Woltmann B)
СТВ-80;80;Meter (Russian/Chineese) VT (Woltmann B)
СТВГ-80;80;Meter (Russian/Chineese) VT (Woltmann B)
СТВУ-50;50;Norma (Russian) STV (Woltmann B)
СТВУ-65;65;Norma (Russian) STV (Woltmann B)
СТВУ-80;80;Meter (Russian/Chineese) VT (Woltmann B)
СТВХ - 50;50;Norma (Russian) STV (Woltmann B)
СТВХ -50;50;Norma (Russian) STV (Woltmann B)
СТВХ УК-65;65;Meter (Russian/Chineese) VT (Woltmann B)
СТВХ-50;50;Norma (Russian) STV (Woltmann B)
СТВХ-50ДГ;50;Norma (Russian) STV (Woltmann B)
СТВХ-65;65;Meter (Russian/Chineese) VT (Woltmann B)
СТВХ-65УК;65;Meter (Russian/Chineese) VT (Woltmann B)
СТВХ80;80;Meter (Russian/Chineese) VT (Woltmann B)
СТВХ-80;80;Meter (Russian/Chineese) VT (Woltmann B)
СХВ -15;15;Vodopribor (Russian) SKB (SJ B)
СХВ15;15;Vodopribor (Russian) SKB (SJ B)
СХВ-15;15;Vodopribor (Russian) SKB (SJ B)
СХВ-20;20;Vodopribor (Russian) SKB (SJ B)
ТАИПИТ ГЛ 15;15;TAIPIT (Russian/Chineese) OHTA (SJ B)
ТАИПИТ ГЛ-15;15;TAIPIT (Russian/Chineese) OHTA (SJ B)
ТАЙПИТ ГЛ 15;15;TAIPIT (Russian/Chineese) OHTA (SJ B)
Тайпит Гл 15 1,6;15;TAIPIT (Russian/Chineese) OHTA (SJ B)
Тайпит ГЛ15;15;TAIPIT (Russian/Chineese) OHTA (SJ B)
Тайпит ГЛ-15;15;TAIPIT (Russian/Chineese) OHTA (SJ B)
Тайпит Гл15 1,6;15;TAIPIT (Russian/Chineese) OHTA (SJ B)
ТАЙПИТ ОХТА-15;15;TAIPIT (Russian/Chineese) OHTA (SJ B)
Тайпит ХЛ15;15;TAIPIT (Russian/Chineese) OHTA (SJ B)
Тайпит ХЛ-15;15;TAIPIT (Russian/Chineese) OHTA (SJ B)
Тайпит-15;15;TAIPIT (Russian/Chineese) OHTA (SJ B)
тритон /ХЛ-15/;15;TRITON (Russian/Chineese) KVU (SJ B)
Тритон КВУ 1,5;15;TRITON (Russian/Chineese) KVU (SJ B)
Тритон-15;15;TRITON (Russian/Chineese) KVU (SJ B)
ХЛ 15;15;TAIPIT (Russian/Chineese) OHTA (SJ B)
ХЛ15;15;TAIPIT (Russian/Chineese) OHTA (SJ B)
ХЛ-15;15;TAIPIT (Russian/Chineese) OHTA (SJ B)
ХЛ-15;20;TAIPIT (Russian/Chineese) OHTA (SJ B)
ХЛ-15 ОХТА;15;TAIPIT (Russian/Chineese) OHTA (SJ B)
ХМ 32;32;Apator VSHN (MJ B)
ХН 32;32;Apator VSHN (MJ B)
ХН-32;32;Apator VSHN (MJ B)
ХТА ХЛ-15;15;TAIPIT (Russian/Chineese) OHTA (SJ B)
ЦЭ6803ВМ;0;Electricity meter
Эквател,СВК-15г;15;ECWATEL (Russian/Chineese) SVK (SJ B)
ЭКВАТЕЛ-15;15;ECWATEL (Russian/Chineese) SVK (SJ B)
ЭКВАТЭЛ-15;15;ECWATEL (Russian/Chineese) SVK (SJ B)
ЭКО 40;40;ECONOM (Russia/Chinese) MV (MJ B)
ЭКО 40М40Х;40;ECONOM (Russia/Chinese) MV (MJ B)
ЭКО НОМ 32Г;32;ECONOM (Russia/Chinese) MV (MJ B)
ЭКО НОМ СВ 15-110;15;ECONOM (Russia/Chinese) SV (SJ B)
ЭКО НОМ СВ-15;15;ECONOM (Russia/Chinese) SV (SJ B)
ЭКО НОМ СВ-15-110;15;ECONOM (Russia/Chinese) SV (SJ B)
Эко Ном-25Г;25;ECONOM (Russia/Chinese) MV (MJ B)
ЭКО НОМ-32Г;32;ECONOM (Russia/Chinese) MV (MJ B)
ЭКО НОМ-40Г;40;ECONOM (Russia/Chinese) MV (MJ B)
ЭКО НОМ-40Х;40;ECONOM (Russia/Chinese) MV (MJ B)
ЭКО15;15;Ecomera (Russian/Chineese) ECO (SJ B)
ЭКО-15;15;Ecomera (Russian/Chineese) ECO (SJ B)
ЭКО-25;25;Ecomera (Russian/Chineese) ECO (DRY MJ B)
ЭКО-32;32;Ecomera (Russian/Chineese) ECO (DRY MJ B)
ЭКОМЕРА 15;15;Ecomera (Russian/Chineese) ECO (SJ B)
ЭКОМЕРА-15;15;Ecomera (Russian/Chineese) ECO (SJ B)
Экомера-20;20;Ecomera (Russian/Chineese) ECO (SJ B)
Экомера-32Х;32;Ecomera (Russian/Chineese) ECO (DRY MJ B)
ЭКОНОМ СВ -15;15;ECONOM (Russia/Chinese) SV (SJ B)
ЭКОНОМ СВ-15;15;ECONOM (Russia/Chinese) SV (SJ B)
ЭКОНОМ СВ-15-110;15;ECONOM (Russia/Chinese) SV (SJ B)
ЭКОНОМ-15;15;ECONOM (Russia/Chinese) SV (SJ B)
ЭКОНОМ-20;20;ECONOM (Russia/Chinese) SV (SJ B)
ЭКОНОМ-40Х;40;ECONOM (Russia/Chinese) MV (MJ B)
ЭКОНОМ-СВ-15;15;ECONOM (Russia/Chinese) SV (SJ B)
ЭМИС-МАГ 270;;EMIS (Russian) MAG270 (electromagnetic)
ЭХО-15;15;Signur (Russian) ECHO R02 (ultrasonic)
ЭХО-Р-02;;Signur (Russian) ECHO R02 (ultrasonic)
ВКМ-15;15;Norma (Russian) (SJ B)
СВМ-32;32;Norma (Russian) (SJ B)
ВКМ-15         ;15;Norma (Russian) (SJ B)
ОХТА-ГЛ-15;15;TAIPIT (Russian/Chineese) OHTA (SJ B)
ВКМ -20;20;Norma (Russian) (SJ B)
РС-50;50;TBN (Russian) RS (Electromagnetic)
СГВК-1/15;15;Norma (Russian) (SJ B)
СГВК-1/50;50;Norma (Russian) (SJ B)
ПРЭМ-40     ;40;Teplocom (Russian) PREM (Electromagnetic)
ВКТ-7;;Teplocom (Russian) PREM (Electromagnetic)
М121-40;40;Intelpribor (Russian) M121 (Electromagnetic)
ВКТ-40;40;Teplocom (Russian) PREM (Electromagnetic)
ВСХНд-50;50;Apator VSHN (Woltmann B)
ВСК90-40;40;Norma (Russian) (SJ B)
М121;;Intelpribor (Russian) M121 (Electromagnetic)
СВ-15 Х;15;Meter (Russian/Chineese) SVU (SJ B)
СГВ-15 Г;15;Norma (Russian) (SJ B)
СВК -15 GERRIDA;15;Norma (Russian) (SJ B)
ВКМ-15;15;Norma (Russian) (SJ B)
СВМ-40;40;Norma (Russian) (SJ B)
ПРЭМ-40;40;Teplocom (Russian) PREM (Electromagnetic)
ПРЭМ-50;50;Teplocom (Russian) PREM (Electromagnetic)
М121-50;50;Intelpribor (Russian) M121 (Electromagnetic)
ВК-Г-32;32;Meter (Russian) VK-H (MJ B)
СВМТ-50;50;Norma (Russian) (SJ B)
WFK;;Siemens WFK (SJ B)
ВКТ;;Teplocom (Russian) PREM (Electromagnetic)
МКТС;;Intelpribor (Russian) MKTS (Electromagnetic)
arzamas;;Arzamas (Russian) (SJ B)
elster;;ELSTER
ETW;;Zenner ETK (SJ B)
GROEN;;Groen (MJ B)
ITELMA;;Siemens WFK (SJ B)
METER;;Meter (Russian/Chineese) (SJ B)
MILKOR;;Mincor (Russian) MK-U (SJ B)
MINKOR;;Mincor (Russian) MK-U (SJ B)
MINKOR MK-U;;Mincor (Russian) MK-U (SJ B)
Minomess;;MINOL Minomess
Minor;;MINOL Minomess
MK -V;;Mincor (Russian) MK-U (SJ B)
MK_U;;Mincor (Russian) MK-U (SJ B)
Mk-U;;Mincor (Russian) MK-U (SJ B)
MK-U;;Mincor (Russian) MK-U (SJ B)
MK-U;;Mincor (Russian) MK-U (SJ B)
MK-V;;Mincor (Russian) MK-U (SJ B)
MR-U;;Mincor (Russian) MK-U (SJ B)
ULF;;Valtec (Russian/Chineese) VLF-R (SJ B)
ULF-R;;Valtec (Russian/Chineese) VLF-R (SJ B)
VALTEC;;Valtec (Russian/Chineese) VLF-R (SJ B)
VALTEC VLF;;Valtec (Russian/Chineese) VLF-R (SJ B)
Valtec VLF-R;;Valtec (Russian/Chineese) VLF-R (SJ B)
VALTEC VLF-U;;Valtec (Russian/Chineese) VLF-R (SJ B)
VALTEK;;Valtec (Russian/Chineese) VLF-R (SJ B)
VALTER;;Valtec (Russian/Chineese) VLF-R (SJ B)
VFLTEC;;Valtec (Russian/Chineese) VLF-R (SJ B)
VKF-U;;Valtec (Russian/Chineese) VLF-R (SJ B)
VLF;;Valtec (Russian/Chineese) VLF-R (SJ B)
VLF R;;Valtec (Russian/Chineese) VLF-R (SJ B)
VLF -U;;Valtec (Russian/Chineese) VLF-R (SJ B)
VLF- U;;Valtec (Russian/Chineese) VLF-R (SJ B)
VLF-F-R;;Valtec (Russian/Chineese) VLF-R (SJ B)
VLFR;;Valtec (Russian/Chineese) VLF-R (SJ B)
VLF-R;;Valtec (Russian/Chineese) VLF-R (SJ B)
VLF-R valtec;;Valtec (Russian/Chineese) VLF-R (SJ B)
VLF-R-C;;Valtec (Russian/Chineese) VLF-R (SJ B)
VLF-R-U;;Valtec (Russian/Chineese) VLF-R (SJ B)
ХВС VLF-R;;Valtec (Russian/Chineese) VLF-R (SJ B)
VLFU;;Valtec (Russian/Chineese) VLF-R (SJ B)
VlFU;;Valtec (Russian/Chineese) VLF-R (SJ B)
VLF--U;;Valtec (Russian/Chineese) VLF-R (SJ B)
VLF-V;;Valtec (Russian/Chineese) VLF-R (SJ B)
VLF-U-L;;Valtec (Russian/Chineese) VLF-R (SJ B)
VLF-U;;Valtec (Russian/Chineese) VLF-R (SJ B)
VLR-R;;Valtec (Russian/Chineese) VLF-R (SJ B)
VLR;;Valtec (Russian/Chineese) VLF-R (SJ B)
VLR-U;;Valtec (Russian/Chineese) VLF-R (SJ B)
VLS-R;;Valtec (Russian/Chineese) VLF-R (SJ B)
YLF;;Valtec (Russian/Chineese) VLF-R (SJ B)
YLF-R;;Valtec (Russian/Chineese) VLF-R (SJ B)
YLF-U;;Valtec (Russian/Chineese) VLF-R (SJ B)
Zenner;;Zenner ETK (SJ B)
АРЗАМАС;;Arzamas (Russian) (SJ B)
БЕТАР;;Betar (Russian) SHV (SJ B)
ВАЛТЕК;;Valtec (Russian/Chineese) VLF-R (SJ B)
вальтек;;Valtec (Russian/Chineese) VLF-R (SJ B)
Взлёт;;Vzljot (Russian) (Electromagnetic)
Вольтек;;Valtec (Russian/Chineese) VLF-R (SJ B)
Декаст;;Decast (Russian/Chinees) VSKM90 (MJ B)
ИВК-ТЭР;;Vzljot (Russian) (Electromagnetic)
ARZAMASIS;;Arzamas (Russian) (SJ B)
MК-V;;Mincor (Russian) MK-U (SJ B)
ВСКМ;;Decast (Russian/Chinees) VSKM90 (MJ B)
МETRON;;Metron JS (SJ B)
МILKOR;;Mincor (Russian) MK-U (SJ B)
Мinkor;;Mincor (Russian) MK-U (SJ B)
МK-U;;Mincor (Russian) MK-U (SJ B)
МЕТЕR;;Meter (Russian/Chineese) SVU (SJ B)
МЕТЕRS;;Meter (Russian/Chineese) SVU (SJ B)
МЕТЕР;;Meter (Russian/Chineese) SVU (SJ B)
Метер ВК;;Meter (Russian/Chineese) VK-H (MJ B)
Миnkor;;Mincor (Russian) MK-U (SJ B)
минкор;;Mincor (Russian) MK-U (SJ B)
МКU;;Mincor (Russian) MK-U (SJ B)
МК-U;;Mincor (Russian) MK-U (SJ B)
МК-V;;Mincor (Russian) MK-U (SJ B)
МКИ;;Mincor (Russian) MK-U (SJ B)
МК-И;;Mincor (Russian) MK-U (SJ B)
МТК;;Zenner MTK (MJ B)
норма;;Norma (Russian) (SJ B)
Норма ИС;;Norma (Russian) (SJ B)
НОРМА СВКМ-Х;;Norma (Russian) (SJ B)
оо;;TAIPIT (Russian/Chineese) OHTA (SJ B)
ОСВУ;;Decast (Russian/Chinees) OSVH (SJ B)
ОСВХ;;Decast (Russian/Chinees) OSVH (SJ B)
ОХТА;;TAIPIT (Russian/Chineese) OHTA (SJ B)
ОХТАХЛ;;Taipit (Russian/Chineese) OHTA GL (SJ B)
ПУЛЬС;;Pulsar (Russian) Puls (SJ B)
Пульсар;;Pulsar (Russian) Puls (SJ B)
СВ;;Meter (Russian/Chineese) SVU (SJ B)
СВК;;Norma (Russian) (SJ B)
СВКМ;;Norma (Russian) (SJ B)
СВКМ-У;;Norma (Russian) (SJ B)
СВУ;;Norma (Russian) (SJ B)
СВХ;;Norma (Russian) (SJ B)
СКБ;;Vodopribor (Russian) SKB (SJ B)
СТВХ;;Norma (Russian) STV (Woltmann B)
таипит;;TAIPIT (Russian/Chineese) OHTA (SJ B)
Тайпит;;TAIPIT (Russian/Chineese) OHTA (SJ B)
Тайпит ОХТА;;TAIPIT (Russian/Chineese) OHTA (SJ B)
ТАЙПИТ ОХТА ГЛ;;TAIPIT (Russian/Chineese) OHTA (SJ B)
Тритон;;TRITON (Russian/Chineese) KVU (SJ B)
ХЛ;;TAIPIT (Russian/Chineese) OHTA (SJ B)
э;;ECWATEL (Russian/Chineese) SVK (SJ B)
ЭКВАТЕК;;ECWATEL (Russian/Chineese) SVK (SJ B)
Эквател;;ECWATEL (Russian/Chineese) SVK (SJ B)
ЭКВАТЭЛ;;ECWATEL (Russian/Chineese) SVK (SJ B)
ЭКО;;ECONOM (Russia/Chinese) SV (SJ B)
ЭКО НОМ;;ECONOM (Russia/Chinese) SV (SJ B)
Экомер;;Ecomera (Russian/Chineese) ECO (SJ B)
ЭКОМЕРА;;Ecomera (Russian/Chineese) ECO (SJ B)
ЭКОНОМ;;ECONOM (Russia/Chinese) SV (SJ B)